HITId,Answer.Q1Answer,Answer.Q2FreeTextInput,Answer.Q3FreeTextInput,Answer.Q4FreeTextInput,Answer.Q5FreeTextInput,Answer.Q6FreeTextInput
3PN6H8C9R3P9DT9PV5B9XG6NFXIDAS,Female,http://www.foxnews.com/,http://www.nytimes.com/2015/08/22/arts/music/dr-dre-apologizes-to-the-women-ive-hurt.html?_r=0,http://www.huffingtonpost.com/entry/18-real-things-donald-trump-has-said-about-women_55d356a8e4b07addcb442023,{},{}
3PN6H8C9R3P9DT9PV5B9XG6NFXIDAS,Male,http://www.playboy.com/,http://www.mtv.com/,http://www.hbo.com/,http://www.starz.com/,http://www.cinemax.com/
3PN6H8C9R3P9DT9PV5B9XG6NFXIDAS,Male,http://www.ralphlauren.com/home/index.jsp?direct,{},{},{},{}
3PN6H8C9R3P9DT9PV5B9XG6NFXIDAS,Male,www.reddit.com,www.cracked.com,www.tumblr.com,{},{}
3PN6H8C9R3P9DT9PV5B9XG6NFXIDAS,Male,http://www.bloomberg.com/news/articles/2015-07-07/ceos-get-pay-boost-too-when-they-give-back-cash-to-shareholders,http://www.foxnews.com/opinion/2013/12/31/what-russian-terrorists-hope-to-accomplish-ahead-sochi-olympics.html,{},{},{}
3PN6H8C9R3P9DT9PV5B9XG6NFXIDAS,Male,youtube.com,seventeen.com,pornhub.com,instagram.com,{}
3PN6H8C9R3P9DT9PV5B9XG6NFXIDAS,Male,http://www.foxnews.com/opinion/2015/02/24/isis-captures-christians-piece-by-piece-middle-eastern-christianity-is-being.html,http://www.businessweek.com/debateroom/archives/2007/04/stop_the_bullying_wal-mart.html,{},{},{}
3PN6H8C9R3P9DT9PV5B9XG6NFXIDAS,Female,http://billmoyers.com/episode/what-the-1-dont-want-you-to-know-2/,https://www.daily-mail.co.zm/?p=20132,{},{},{}
3PN6H8C9R3P9DT9PV5B9XG6NFXIDAS,Female,https://twitter.com/girlsgonewild,http://www.girlsgonewild.com/,https://www.youtube.com/watch?v=w0LWxUKgAH4,{},{}
3PN6H8C9R3P9DT9PV5B9XG6NFXIDAS,Male,http://www.cnn.com,http://www.disney.com,{},{},{}
3PN6H8C9R3P9DT9PV5B9XG6NFXIDAS,Male,http://www.maxim.com/,{},{},{},{}
3PN6H8C9R3P9DT9PV5B9XG6NFXIDAS,Female,www.cosmopolitan.com,www.pornhub.com,{},{},{}
3PN6H8C9R3P9DT9PV5B9XG6NFXIDAS,Male,http://www.b-u.ac.in/sde/default.asp,http://www.tcs.com/Pages/default.aspx,{},{},{}
3PN6H8C9R3P9DT9PV5B9XG6NFXIDAS,Male,http://www.tmz.com/,{},{},{},{}
3PN6H8C9R3P9DT9PV5B9XG6NFXIDAS,Female,http://www.playboy.com/,http://www.maxim.com/,https://www.youtube.com/channel/UCaum3Yzdl3TbBt8YUeUGZLQ,http://www.mileycyrus.com/,https://instagram.com/kyliejenner/
3PN6H8C9R3P9DT9PV5B9XG6NFXIDAS,Female,https://www.dollarshaveclub.com/,http://www.aljazeera.com/,{},{},{}
3PN6H8C9R3P9DT9PV5B9XG6NFXIDAS,Female,http://www.maxim.com/,http://www.redbookmag.com/,{},{},{}
3PN6H8C9R3P9DT9PV5B9XG6NFXIDAS,Male,http://www.playboyenterprises.com/,{},{},{},{}
3PN6H8C9R3P9DT9PV5B9XG6NFXIDAS,Female,http://www.foxnews.com,http://www.huffingtonpost.com/2013/12/01/preferred-pronouns-colleges_n_4367970.html,{},{},{}
3R6RZGK0XEBW3S7E2WPJ6OU1IYLVYL,Female,http://www.playboy.com/,http://www.cosmopolitan.com/,https://www.victoriassecret.com/,www.hustler.com,www.penthousemagazine.com
3R6RZGK0XEBW3S7E2WPJ6OU1IYLVYL,Female,http://www.playboy.com,http://www.maxim.com,http://www.si.com,{},{}
3R6RZGK0XEBW3S7E2WPJ6OU1IYLVYL,Female,https://www.victoriassecret.com/?cm_mmc=Google-_-Exact-_-Brand%20-%20General%20-%20Computers%20-%20Exact-_-victorias%20secret&gclid=CIGn6LKQvscCFdAXHwodKSQAHw&gclsrc=aw.ds,http://www.pornhub.com/,http://www.bk.com/,http://store.americanapparel.net/,http://www.calvinklein.com/shop/en/ck
3R6RZGK0XEBW3S7E2WPJ6OU1IYLVYL,Male,www.playboy.com,www.xvideos.com,www.hooters.com,{},{}
3R6RZGK0XEBW3S7E2WPJ6OU1IYLVYL,Female,http://www.huffingtonpost.com/,https://www.youtube.com/,{},{},{}
3R6RZGK0XEBW3S7E2WPJ6OU1IYLVYL,Male,Facebook.com,YouTube.com,Ebay,Cnn.com,Sears.com
3R6RZGK0XEBW3S7E2WPJ6OU1IYLVYL,Female,Foxnews.com,Cnn.com,http://espn.go.com/,reddit.com,4chan.com
3R6RZGK0XEBW3S7E2WPJ6OU1IYLVYL,Male,http://gogetfunding.com/,{},{},{},{}
3R6RZGK0XEBW3S7E2WPJ6OU1IYLVYL,Male,http://www.foxnews.com/,http://www.maxim.com/,{},{},{}
3R6RZGK0XEBW3S7E2WPJ6OU1IYLVYL,Male,http://www.mtv.com/,http://www.foxnews.com/,http://www.cnn.com/,http://espn.go.com/,http://www.si.com/
3R6RZGK0XEBW3S7E2WPJ6OU1IYLVYL,Male,http://www.foxnews.com/,{},{},{},{}
3R6RZGK0XEBW3S7E2WPJ6OU1IYLVYL,Female,http://www.puthiyathalaimurai.tv/,http://www.sunnetwork.in/,https://www.annauniv.edu/,http://www.unom.ac.in/,https://www.youtube.com/user/STARVIJAY
3R6RZGK0XEBW3S7E2WPJ6OU1IYLVYL,Female,http://www.cosmopolitan.com/,{},{},{},{}
3R6RZGK0XEBW3S7E2WPJ6OU1IYLVYL,Female,www.justdial.com/Event-Organisers‎,www.mynewsguide.com/‎,www.alhea.com/Entertainment+News‎,www.nextbillion.net/‎,www.americanpressinstitute.org/journalism.../what.../elements-journalism...
3R6RZGK0XEBW3S7E2WPJ6OU1IYLVYL,Male,http://www.buzzfeed.com/,http://feministfrequency.com/,{},{},{}
3R6RZGK0XEBW3S7E2WPJ6OU1IYLVYL,Female,www.axe.us/,www.peta.org/,www.spike.com/,www.gq.com/,www.cbs.com/shows/big_bang_theory/
3R6RZGK0XEBW3S7E2WPJ6OU1IYLVYL,Female,http://www.businessweek.com/managing/content/may2010/ca20100513_748402.htm,http://www.mckinsey.com/insights/organization/facebooks_sheryl_sandberg_no_one_can_have_it_all,{},{},{}
3R6RZGK0XEBW3S7E2WPJ6OU1IYLVYL,Female,http://www.foxnews.com/,http://www.spike.com/,http://disney.com/,http://www.nick.com/,http://www.hbo.com/
3R6RZGK0XEBW3S7E2WPJ6OU1IYLVYL,Male,https://vimeo.com/channels/586451,www.cnn.com/2014/10/29/living/antonia-crane-stripper-essay,prostitution.procon.org,https://www.google.com/url?sa=t&rct=j&q=&esrc=s&source=web&cd=9&cad=rja&uact=8&ved=0CFgQFjAIahUKEwjm2Y_-4r7HAhVJOYgKHdPGAU4&url=https%3A%2F%2Fwww.washingtonpost.com%2Fopinions%2Fthere-is-no-such-thing-as-a-child-prostitute%2F2014%2F02%2F14%2F631ebd26-8ec7-11e3-b227-12a45d109e03_story.html&ei=hILZVeaHBcnyoATTjYfwBA&usg=AFQjCNEeQxG2q_TgDdmc3Jlze1R4bEuWkQ&sig2=KJQLD7bKW5mJ9ZQNqVUZTg,https://www.google.com/url?sa=t&rct=j&q=&esrc=s&source=web&cd=12&cad=rja&uact=8&ved=0CGEQ1ScwC2oVChMI5tmP_uK-xwIVSTmICh3TxgFO&url=http%3A%2F%2Fwww.nytimes.com%2F2009%2F10%2F27%2Fus%2F27runaways.html%3Fpagewanted%3Dall&ei=hILZVeaHBcnyoATTjYfwBA&usg=AFQjCNGiNZfgWi5Vg3pX0wpbFx1mGyzFDw&sig2=JFri5xcpqh_K90tCd0cH1w
3R6RZGK0XEBW3S7E2WPJ6OU1IYLVYL,Female,"http://www.foxnews.com http://www.mtv.com, http://www.playboy.com, http://www.reddit.com","http://www.mtv.com,",http://www.playboy.com,http://www.reddit.com,http://www.cosmopolitan.com
3R6RZGK0XEBW3S7E2WPJ6OU1IYLVYL,Male,https://www.youtube.com/channel/UCavXHcoPMvXtAd8Z15QR6Dg,https://www.facebook.com/sathishcsk.ece,{},{},{}
3R6RZGK0XEBW3S7E2WPJ6OU1IYLVYL,Male,http://www.foxnews.com/entertainment/index.html,http://www.michelobultra.com/,www.online-dating-ukraine.com/Ladies‎,www.single-baltic-lady.com/‎,www.jokes4us.com/dirtyjokes/womenjokes.html
3R6RZGK0XEBW3S7E2WPJ6OU1IYLVYL,Female,http://www.maxim.com,http://www.playboy.com,http://www.hunks.fi,http://penthousemagazine.com,http://thedirty.com
3R6RZGK0XEBW3S7E2WPJ6OU1IYLVYL,Female,rt.com,youtube.com,panavision.com,sony.com,hbo.com
3R6RZGK0XEBW3S7E2WPJ6OU1IYLVYL,Male,https://twitter.com/,http://facebook.com/,http://www.foxnews.com/,http://reddit.com/,http://youtube.com/
3R6RZGK0XEBW3S7E2WPJ6OU1IYLVYL,Female,http://foxnews.com,https://www.reddit.com/r/TheRedPill/,{},{},{}
3R6RZGK0XEBW3S7E2WPJ6OU1IYLVYL,Male,http://billmoyers.com/episode/how-do-conservatives-and-liberals-see-the-world/,http://careers.accenture.com/Microsites/uk-graduate/life/corporate-social-responsibility/Pages/s2s.aspx,{},{},{}
3R6RZGK0XEBW3S7E2WPJ6OU1IYLVYL,Male,PornHub,Playboy,WorldStarHipHop,Paper Magazine,Young Money Entertainment
3R6RZGK0XEBW3S7E2WPJ6OU1IYLVYL,Female,Playboy Magazine,{},{},{},{}
3R6RZGK0XEBW3S7E2WPJ6OU1IYLVYL,Male,www.cnn.com,www.bbc.com,www.youtube.com,www.facebook.com,www.american.edu
3R6RZGK0XEBW3S7E2WPJ6OU1IYLVYL,Male,http://www.russiancupid.com/en/women/russia/brides,http://boston.backpage.com/adult/,http://www.hustler.com/,any of these companies because of their  commercials   https://www.youtube.com/watch?v=RFi4kwG_J4I,http://www.playgirl.com/tour/
3R6RZGK0XEBW3S7E2WPJ6OU1IYLVYL,Male,http://www.amazon.com,http://www.microsoft.com,http://www.disney.com,http://www.cnn.com,http://www.walmart.com
3R6RZGK0XEBW3S7E2WPJ6OU1IYLVYL,Female,www.edline.net/pages/Brevard_County_Schools/,www.easternflorida.edu,{},{},{}
3R6RZGK0XEBW3S7E2WPJ6OU1IYLVYL,Female,http://www.ufc.com,http://www.budweiser.com,http://www.bk.com,http://www.dolcegabbana.com,https://www.victoriassecret.com
3R6RZGK0XEBW3S7E2WPJ6OU1IYLVYL,Female,http://www.drudgereport.com/,{},{},{},{}
3R6RZGK0XEBW3S7E2WPJ6OU1IYLVYL,Female,www.mattel.com,hooters.com,guess.com,{},{}
3R6RZGK0XEBW3S7E2WPJ6OU1IYLVYL,Female,http://www.forever21.com/,http://www.stylesforless.com/,{},{},{}
3R6RZGK0XEBW3S7E2WPJ6OU1IYLVYL,,www.cosmopolitan.com,www.hotornot.com,www.meninist.co,{},{}
3R6RZGK0XEBW3S7E2WPJ6OU1IYLVYL,Female,http://www.people.com/people/,http://www.barstoolsports.com/topics/girls/,http://www.tmz.com/,http://thechive.com/category/girls/,http://www.cosmopolitan.com/
3R6RZGK0XEBW3S7E2WPJ6OU1IYLVYL,Female,https://twitter.com/,https://www.reddit.com/,http://perezhilton.com/,http://www.tmz.com/,http://www.4chan.org/
3R6RZGK0XEBW3S7E2WPJ6OU1IYLVYL,Male,http://www.hustlermagazine.com/,{},{},{},{}
3R6RZGK0XEBW3S7E2WPJ6OU1IYLVYL,,http://www.maxim.com/women,http://www.abercrombie.com/shop/us,{},{},{}
3R6RZGK0XEBW3S7E2WPJ6OU1IYLVYL,Female,Martial.com,Avon.com,Herbal life.com,Netflix.com,Hulu.com
3R6RZGK0XEBW3S7E2WPJ6OU1IYLVYL,Male,cnn.com,whitehouse.gov,msnbc.com,huffingtonpost.com,nbc.com
3R6RZGK0XEBW3S7E2WPJ6OU1IYLVYL,Male,https://www.victoriassecret.com/,{},{},{},{}
3R6RZGK0XEBW3S7E2WPJ6OU1IYLVYL,Male,http://jezebel.com/,{},{},{},{}
3R6RZGK0XEBW3S7E2WPJ6OU1IYLVYL,Male,WWW.THECHIVE.COM,WWW.UBERHUMOR.COM,WWW.CNN.COM,WWW.ASHLEYMADISON.COM,WWW.NBC.COM
3R6RZGK0XEBW3S7E2WPJ6OU1IYLVYL,Female,CNN.COM,{},{},{},{}
3R6RZGK0XEBW3S7E2WPJ6OU1IYLVYL,Male,http://www.quinnspiracy.com/,http://www.foxnews.com,http://msnbc.com,http://blacklivesmatter.com/,http://tmz.com
3R6RZGK0XEBW3S7E2WPJ6OU1IYLVYL,Male,http://www.huffingtonpost.com/2015/07/13/transgender-in-military_n_7787060.html?ir=India&adsSiteOverride=in,http://www.mckinsey.com/insights/public_sector/four_lessons_for_transforming_african_agriculture,{},{},{}
3R6RZGK0XEBW3S7E2WPJ6OU1IYLVYL,Female,MTV,BET,VH1,Girls Gone Wild,Playboy
3R6RZGK0XEBW3S7E2WPJ6OU1IYLVYL,Female,www.youtube.com,www.foxnews.com,www.instyle.com,{},{}
3R6RZGK0XEBW3S7E2WPJ6OU1IYLVYL,Female,http://a1jobsearchlookups.blogspot.com/,{},{},{},{}
3R6RZGK0XEBW3S7E2WPJ6OU1IYLVYL,Female,http://www.tomford.com/tom-ford-for-men/T03-TOMFORD-FORMEN.html,http://www.victoriassecret.com,http://store.americanapparel.net/,www.axe.us,www.esquire.com
3R6RZGK0XEBW3S7E2WPJ6OU1IYLVYL,Male,http://www.vogue.com/,http://www.menshealth.com/,{},{},{}
3R6RZGK0XEBW3S7E2WPJ6OU1IYLVYL,Male,http://www.guru99.com/,https://www.youtube.com/?gl=IN,https://www.nasa.gov/,https://eclipse.org/,https://www.facebook.com/
3R6RZGK0XEBW3S7E2WPJ6OU1IYLVYL,Male,http://profit.ndtv.com/,http://www.profitguide.com/,http://www.cnbc.com/live-tv/the-profit,https://sparkprofit.com/,http://www.oracle.com/us/corporate/profit/index.html
3R6RZGK0XEBW3S7E2WPJ6OU1IYLVYL,Female,http://www.maxim.com/,{},{},{},{}
3R6RZGK0XEBW3S7E2WPJ6OU1IYLVYL,Female,http://mediatakeout.com/,{},{},{},{}
3R6RZGK0XEBW3S7E2WPJ6OU1IYLVYL,Male,bbcnews.com;,nytimes.com;,{},{},{}
3R6RZGK0XEBW3S7E2WPJ6OU1IYLVYL,Male,Playboy,MTV,HBO,Starz,Cinemax
3R6RZGK0XEBW3S7E2WPJ6OU1IYLVYL,Male,Fox news,porn,{},{},{}
3R6RZGK0XEBW3S7E2WPJ6OU1IYLVYL,Male,http://m.foxnews.com,www.playboy.com,www.playgirl.com,www.sportsillustrated.com,www.girlsgonewild.com
3R6RZGK0XEBW3S7E2WPJ6OU1IYLVYL,Male,www.foxnews.com,www.cnn.com,www.youtube.com,{},{}
3R6RZGK0XEBW3S7E2WPJ6OU1IYLVYL,Male,http://www.foxnews.com/,{},{},{},{}
3R6RZGK0XEBW3S7E2WPJ6OU1IYLVYL,Female,www.yahoo.com,www.facebook.com,www.twitter.com,www.huffingtonpost.com,{}
3R6RZGK0XEBW3S7E2WPJ6OU1IYLVYL,Female,http://www.playboy.com/,http://www.playgirl.com/tour/,http://www.magicmikemovie.com/,{},{}
3R6RZGK0XEBW3S7E2WPJ6OU1IYLVYL,Male,http://www.playboy.com/,http://www.hustler.com/,http://www.penthouse.com/,http://www.maxim.com/,{}
3R6RZGK0XEBW3S7E2WPJ6OU1IYLVYL,Male,https://www.youtube.com/watch?t=24&v=OKn4Sh_mLUw,https://girlpower1.files.wordpress.com/2013/12/american-apparel-ad-amsterdam-nowopen-06.jpg,http://www.thebengalurean.com/wp-content/uploads/2015/06/3a3b871e6f6421f056f0d65f420d21b05a22e4ce.jpg,http://thesocietypages.org/socimages/files/2012/06/cans.jpg,http://4.bp.blogspot.com/-srjzOp4Joxg/UF4QNjTJUXI/AAAAAAAABKc/jbzanA8KuI4/s1600/American-Apparel-Ballet.jpg
3R6RZGK0XEBW3S7E2WPJ6OU1IYLVYL,Male,www.motherless.com,www.pornhub.com,www.realitykings.com,www.efukt.com,www.4chan.org/gif
3R6RZGK0XEBW3S7E2WPJ6OU1IYLVYL,Male,http://www.playboy.com/,www.hustler.com,{},{},{}
3R6RZGK0XEBW3S7E2WPJ6OU1IYLVYL,Male,mtv.com,yahoo.com,nme.com,bbc.com,flicker.com
3R6RZGK0XEBW3S7E2WPJ6OU1IYLVYL,Female,https://sp.yimg.com/ib/th?id=JN.Vk1jnl0kZdCyMjALWyugAA&pid=15.1&P=0&w=300&h=300,https://sp.yimg.com/ib/th?id=JN.Mi2vSN2Fmfd8aQqPDsf7pg&pid=15.1&P=0&w=300&h=300,https://sp.yimg.com/ib/th?id=JN.D%2f%2b05qQ122EjR0F6csJ1Bg&pid=15.1&P=0&w=300&h=300,{},{}
3R6RZGK0XEBW3S7E2WPJ6OU1IYLVYL,Male,http://www.brobible.com/,https://www.reddit.com/r/TheRedPill/,http://www.foxnews.com/,http://thechive.com/,http://www.playboy.com/
